{"videos": {"_type": "video-file", "sha256": "422469d5c0288a777bf9f407a937fa31bd10db00673fa0f9529203259d5bdf59", "size": 3392470, "path": "media/videos/videos_14_422469d5c0288a777bf9.mp4"}, "_timestamp": 1683848463.9324305, "_runtime": 1148.3621265888214, "_step": 6299, "global_step": 999424, "charts/episodic_return": 1888.376708984375, "charts/episodic_length": 1000.0, "charts/learning_rate": 6.147540716483491e-07, "losses/value_loss": 0.006147059611976147, "losses/policy_loss": -0.0004690587520599365, "losses/entropy": -3.1306164264678955, "losses/old_approx_kl": 0.003077710047364235, "losses/approx_kl": 0.00015564262866973877, "losses/clipfrac": 0.0, "losses/explained_variance": 0.5065177083015442, "charts/SPS": 872.0, "_wandb": {"runtime": 1148}}